{
  "auroc": 0.21739130434782608,
  "auroc_ci": [
    NaN,
    NaN
  ],
  "auprc": 0.9423496444454997,
  "brier": 0.24528683605709425,
  "ece": 0.4935941080252329,
  "instrument": "INST_A",
  "label_key": "instability_s_1"
}