{
  "overall": {
    "auroc": 0.21739130434782608,
    "auprc": 0.9423496444454997,
    "brier": 0.24528683605709425,
    "ece": 0.4935941080252329
  },
  "calm": {
    "auroc": NaN,
    "auprc": 1.0,
    "brier": 0.24631457443034352,
    "ece": 0.3970006982485453,
    "count": 12
  },
  "volatile": {
    "auroc": 0.36363636363636365,
    "auprc": 0.9254656959202414,
    "brier": 0.24425909768384502,
    "ece": 0.3952967882156372,
    "count": 12
  }
}