{
  "macro": {
    "auroc": 0.6086956521739131,
    "auprc": 0.9711748222227499,
    "brier": 0.26165318169795704,
    "ece": 0.4944424440463383
  },
  "macro_ci": {
    "auroc": [
      0.21739130434782608,
      1.0
    ],
    "auprc": [
      0.9423496444454997,
      1.0
    ],
    "brier": [
      0.24528683605709425,
      0.27801952733881985
    ],
    "ece": [
      0.4935941080252329,
      0.49529078006744376
    ]
  },
  "micro": {
    "auroc": 0.5543478260869565,
    "auprc": 0.9567833947449829,
    "brier": 0.26165318169795704,
    "ece": 0.4717687028977606
  },
  "micro_ci": {
    "auroc": [
      0.0,
      1.0
    ]
  }
}