{
  "overall": {
    "auroc": 1.0,
    "auprc": 1.0,
    "brier": 0.27801952733881985,
    "ece": 0.49529078006744376
  },
  "calm": {
    "auroc": NaN,
    "auprc": 1.0,
    "brier": 0.2799094841464569,
    "ece": 0.42321175932884214,
    "count": 12
  },
  "volatile": {
    "auroc": 1.0,
    "auprc": 1.0,
    "brier": 0.2761295705311828,
    "ece": 0.42006420691808066,
    "count": 12
  }
}