{
  "feature_names": [
    "bsize_1",
    "bsize_2",
    "bsize_3",
    "bsize_4",
    "bsize_5",
    "bsize_6",
    "bsize_7",
    "bsize_8",
    "bsize_9",
    "bsize_10",
    "asize_1",
    "asize_2",
    "asize_3",
    "asize_4",
    "asize_5",
    "asize_6",
    "asize_7",
    "asize_8",
    "asize_9",
    "asize_10",
    "imb_k_0",
    "imb_k_1",
    "imb_k_2",
    "imb_k_3",
    "cdb_0",
    "cdb_1",
    "cdb_2",
    "cdb_3",
    "cda_0",
    "cda_1",
    "cda_2",
    "cda_3",
    "ret_0",
    "ret_1",
    "ret_2",
    "cnt_0",
    "cnt_1",
    "cnt_2",
    "cnt_3",
    "cnt_4",
    "cnt_5",
    "cnt_6",
    "cnt_7",
    "cnt_8",
    "cnt_9",
    "dt",
    "spread",
    "tod_sin",
    "tod_cos",
    "qage_b_0",
    "qage_b_1",
    "qage_b_2",
    "qage_b_3",
    "qage_b_4",
    "qage_b_5",
    "qage_b_6",
    "qage_b_7",
    "qage_b_8",
    "qage_b_9",
    "qage_a_0",
    "qage_a_1",
    "qage_a_2",
    "qage_a_3",
    "qage_a_4",
    "qage_a_5",
    "qage_a_6",
    "qage_a_7",
    "qage_a_8",
    "qage_a_9",
    "qage_b1",
    "qage_a1"
  ],
  "mean": [
    45.59722222222222,
    0.0,
    0.0,
    0.0,
    0.0,
    0.0,
    0.0,
    0.0,
    0.0,
    0.0,
    53.763888888888886,
    0.0,
    0.0,
    0.0,
    0.0,
    0.0,
    0.0,
    0.0,
    0.0,
    0.0,
    -0.09065611170242643,
    -0.09065611170242643,
    -0.09065611170242643,
    -0.09065611170242643,
    45.59722222222222,
    45.59722222222222,
    45.59722222222222,
    45.59722222222222,
    53.763888888888886,
    53.763888888888886,
    53.763888888888886,
    53.763888888888886,
    -5.073021137983839e-07,
    -1.5229763587538198e-06,
    -8.25052994615463e-07,
    0.25,
    0.25,
    0.25,
    0.25,
    1.0,
    1.2083333333333333,
    1.1944444444444444,
    1.2361111111111112,
    1.2222222222222223,
    4.861111111111111,
    0.9861111111111112,
    0.10091261762297815,
    0.002581627117554793,
    0.9999955288237996,
    0.0,
    0.0,
    0.0,
    0.0,
    0.0,
    0.0,
    0.0,
    0.0,
    0.0,
    0.0,
    0.0,
    0.0,
    0.0,
    0.0,
    0.0,
    0.0,
    0.0,
    0.0,
    0.0,
    0.0,
    0.0,
    0.0
  ],
  "scale": [
    29.285785195315718,
    1.0,
    1.0,
    1.0,
    1.0,
    1.0,
    1.0,
    1.0,
    1.0,
    1.0,
    28.606279931917218,
    1.0,
    1.0,
    1.0,
    1.0,
    1.0,
    1.0,
    1.0,
    1.0,
    1.0,
    0.4869146331383762,
    0.4869146331383762,
    0.4869146331383762,
    0.4869146331383762,
    29.285785195315718,
    29.285785195315718,
    29.285785195315718,
    29.285785195315718,
    28.606279931917218,
    28.606279931917218,
    28.606279931917218,
    28.606279931917218,
    0.00010344842538190211,
    9.526926627838794e-05,
    9.825069227617679e-05,
    0.4330127018922193,
    0.4330127018922193,
    0.4330127018922193,
    0.4330127018922193,
    1.0,
    0.46955948623269383,
    0.4898664469041221,
    0.424691245872796,
    0.44790320823880847,
    0.6303780954394573,
    0.11702985796078294,
    0.01420973030245097,
    0.001511347663582383,
    4.03315578787789e-06,
    1.0,
    1.0,
    1.0,
    1.0,
    1.0,
    1.0,
    1.0,
    1.0,
    1.0,
    1.0,
    1.0,
    1.0,
    1.0,
    1.0,
    1.0,
    1.0,
    1.0,
    1.0,
    1.0,
    1.0,
    1.0,
    1.0
  ]
}